{
    "diet": {
        "name": "食品酒水",
        "value": [46, 36, 42, 66, 48, 50, 106]
    },
    "shopping": {
        "name": "购物消费",
        "value": [13, 46, 22, 86, 13, 7, 20]
    },
    "life": {
        "name": "居家生活",
        "value": [46, 36, 42, 66, 48, 50, 106]
    },
    "traffic": {
        "name": "行车交通",
        "value": [60, 46, 36, 28, 72, 32, 42]
    },
    "entertainment": {
        "name": "休闲娱乐",
        "value": [14, 12, 16, 36, 28, 56, 76]
    },
    "social": {
        "name": "人情费用",
        "value": [120, 20, 30, 100, 40, 35, 140]
    },
    "finance": {
        "name": "金融保险",
        "value": [10, 40, 50, 120, 60, 110, 90]
    },
    "medicine": {
        "name": "药品医疗",
        "value": [10, 12, 45, 72, 55, 40, 70]
    },
    "other": {
        "name": "其它",
        "value": [15, 45, 22, 88, 19, 0, 68]
    }
}